# timestamp,filename
1717140383146077440,1717140383146077440.png
1717140383175058432,1717140383175058432.png
1717140383205666048,1717140383205666048.png
1717140383235165440,1717140383235165440.png
1717140383287506944,1717140383287506944.png
1717140383341444352,1717140383341444352.png
1717140383385230080,1717140383385230080.png
1717140383424500992,1717140383424500992.png
1717140383463319808,1717140383463319808.png
1717140383495396864,1717140383495396864.png
1717140383528688384,1717140383528688384.png
1717140383567966976,1717140383567966976.png
1717140383618539520,1717140383618539520.png
1717140383672260608,1717140383672260608.png
1717140383736321536,1717140383736321536.png
1717140383780357376,1717140383780357376.png
1717140383823197440,1717140383823197440.png
1717140383867942144,1717140383867942144.png
1717140383913918464,1717140383913918464.png
1717140383966073344,1717140383966073344.png
1717140384018044928,1717140384018044928.png
1717140384060714240,1717140384060714240.png
1717140384101496320,1717140384101496320.png
1717140384143830272,1717140384143830272.png
1717140384194635520,1717140384194635520.png
1717140384252260096,1717140384252260096.png
1717140384300279296,1717140384300279296.png
1717140384361478656,1717140384361478656.png
1717140384420363008,1717140384420363008.png
1717140384466867712,1717140384466867712.png
1717140384537498112,1717140384537498112.png
1717140384603922944,1717140384603922944.png
1717140384667644416,1717140384667644416.png
1717140384710538240,1717140384710538240.png
1717140384746712064,1717140384746712064.png
1717140384785891328,1717140384785891328.png
1717140384826900480,1717140384826900480.png
1717140384866447872,1717140384866447872.png
1717140384920352768,1717140384920352768.png
1717140384958651136,1717140384958651136.png
1717140384996174080,1717140384996174080.png
1717140385038479104,1717140385038479104.png
1717140385081831680,1717140385081831680.png
1717140385129669888,1717140385129669888.png
1717140385196801280,1717140385196801280.png
1717140385272994560,1717140385272994560.png
1717140385320563712,1717140385320563712.png
1717140385373406208,1717140385373406208.png
1717140385425485056,1717140385425485056.png
1717140385479452672,1717140385479452672.png
1717140385531614464,1717140385531614464.png
1717140385578858752,1717140385578858752.png
1717140385621400064,1717140385621400064.png
1717140385665488384,1717140385665488384.png
1717140385706908672,1717140385706908672.png
1717140385761850880,1717140385761850880.png
1717140385837537280,1717140385837537280.png
1717140385904949760,1717140385904949760.png
1717140385970142208,1717140385970142208.png
1717140386016888320,1717140386016888320.png
1717140386065893888,1717140386065893888.png
1717140386120268800,1717140386120268800.png
1717140386160929792,1717140386160929792.png
1717140386203908352,1717140386203908352.png
1717140386251919872,1717140386251919872.png
1717140386298340096,1717140386298340096.png
1717140386352714240,1717140386352714240.png
1717140386406715392,1717140386406715392.png
1717140386471239168,1717140386471239168.png
1717140386501248256,1717140386501248256.png
1717140386532888320,1717140386532888320.png
1717140386566062592,1717140386566062592.png
1717140386608647680,1717140386608647680.png
1717140386651688448,1717140386651688448.png
1717140386697469440,1717140386697469440.png
1717140386743063808,1717140386743063808.png
1717140386789501184,1717140386789501184.png
1717140386832604160,1717140386832604160.png
1717140386877164800,1717140386877164800.png
1717140386939941376,1717140386939941376.png
1717140386981074432,1717140386981074432.png
1717140387020619520,1717140387020619520.png
1717140387054774784,1717140387054774784.png
1717140387118053632,1717140387118053632.png
1717140387159645184,1717140387159645184.png
1717140387226524160,1717140387226524160.png
1717140387280447488,1717140387280447488.png
1717140387355993088,1717140387355993088.png
1717140387428860416,1717140387428860416.png
1717140387489210880,1717140387489210880.png
1717140387554030848,1717140387554030848.png
1717140387609177344,1717140387609177344.png
1717140387673860096,1717140387673860096.png
1717140387728631552,1717140387728631552.png
1717140387764748544,1717140387764748544.png
1717140387803291904,1717140387803291904.png
1717140387843712000,1717140387843712000.png
1717140387881324032,1717140387881324032.png
1717140387920526592,1717140387920526592.png
1717140388027005952,1717140388027005952.png
1717140388115860992,1717140388115860992.png
1717140388162181376,1717140388162181376.png
1717140388229306112,1717140388229306112.png
1717140388284729856,1717140388284729856.png
1717140388339565824,1717140388339565824.png
1717140388406639616,1717140388406639616.png
1717140388452108032,1717140388452108032.png
1717140388499521024,1717140388499521024.png
1717140388578436096,1717140388578436096.png
1717140388622849280,1717140388622849280.png
1717140388677602048,1717140388677602048.png
1717140388716587264,1717140388716587264.png
1717140388749556992,1717140388749556992.png
1717140388784453888,1717140388784453888.png
1717140388821938432,1717140388821938432.png
1717140388864628224,1717140388864628224.png
1717140388904322048,1717140388904322048.png
1717140388949158144,1717140388949158144.png
1717140388986234880,1717140388986234880.png
1717140389020981760,1717140389020981760.png
1717140389060623616,1717140389060623616.png
1717140389099693312,1717140389099693312.png
1717140389136654592,1717140389136654592.png
1717140389176916480,1717140389176916480.png
1717140389212993792,1717140389212993792.png
1717140389249015040,1717140389249015040.png
1717140389304795648,1717140389304795648.png
1717140389357036288,1717140389357036288.png
1717140389401575168,1717140389401575168.png
1717140389443455488,1717140389443455488.png
1717140389485981952,1717140389485981952.png
1717140389526680832,1717140389526680832.png
1717140389565949440,1717140389565949440.png
1717140389611626240,1717140389611626240.png
1717140389659504128,1717140389659504128.png
1717140389697992960,1717140389697992960.png
1717140389740766208,1717140389740766208.png
1717140389782320128,1717140389782320128.png
1717140389826724864,1717140389826724864.png
1717140389868681216,1717140389868681216.png
1717140389911716864,1717140389911716864.png
1717140389955917312,1717140389955917312.png
1717140390000176640,1717140390000176640.png
1717140390051821824,1717140390051821824.png
1717140390100529152,1717140390100529152.png
1717140390140349440,1717140390140349440.png
1717140390182470400,1717140390182470400.png
1717140390225680640,1717140390225680640.png
1717140390270418944,1717140390270418944.png
1717140390313046784,1717140390313046784.png
1717140390363330816,1717140390363330816.png
1717140390401132544,1717140390401132544.png
1717140390446739712,1717140390446739712.png
1717140390488584704,1717140390488584704.png
1717140390528733440,1717140390528733440.png
1717140390573178624,1717140390573178624.png
1717140390616076032,1717140390616076032.png
1717140390657744128,1717140390657744128.png
1717140390710291968,1717140390710291968.png
1717140390746182400,1717140390746182400.png
1717140390785996032,1717140390785996032.png
1717140390828595712,1717140390828595712.png
1717140390864672000,1717140390864672000.png
1717140390901476352,1717140390901476352.png
1717140390938537728,1717140390938537728.png
1717140390979170816,1717140390979170816.png
1717140391023373312,1717140391023373312.png
1717140391065883136,1717140391065883136.png
1717140391118251008,1717140391118251008.png
1717140391158805760,1717140391158805760.png
1717140391201378816,1717140391201378816.png
1717140391245071616,1717140391245071616.png
1717140391288009472,1717140391288009472.png
1717140391329773056,1717140391329773056.png
1717140391369581824,1717140391369581824.png
1717140391409852672,1717140391409852672.png
1717140391453365504,1717140391453365504.png
1717140391498489088,1717140391498489088.png
1717140391540306432,1717140391540306432.png
1717140391585360128,1717140391585360128.png
1717140391627311360,1717140391627311360.png
1717140391669766912,1717140391669766912.png
1717140391707400192,1717140391707400192.png
1717140391746260480,1717140391746260480.png
1717140391784813824,1717140391784813824.png
1717140391818353408,1717140391818353408.png
1717140391851639040,1717140391851639040.png
1717140391889396480,1717140391889396480.png
1717140391929427712,1717140391929427712.png
1717140391966964480,1717140391966964480.png
1717140392004832768,1717140392004832768.png
1717140392047074816,1717140392047074816.png
1717140392090918144,1717140392090918144.png
1717140392127283968,1717140392127283968.png
1717140392165846016,1717140392165846016.png
1717140392203044864,1717140392203044864.png
1717140392238737664,1717140392238737664.png
1717140392279650560,1717140392279650560.png
1717140392320489472,1717140392320489472.png
1717140392350795264,1717140392350795264.png
1717140392381074176,1717140392381074176.png
1717140392409210112,1717140392409210112.png
1717140392455308800,1717140392455308800.png
1717140392503517440,1717140392503517440.png
1717140392546954240,1717140392546954240.png
1717140392629927680,1717140392629927680.png
1717140392723138304,1717140392723138304.png
1717140392793643520,1717140392793643520.png
1717140392837052928,1717140392837052928.png
1717140392869946880,1717140392869946880.png
1717140392896773888,1717140392896773888.png
1717140392922215424,1717140392922215424.png
1717140392975353088,1717140392975353088.png
1717140393017114368,1717140393017114368.png
1717140393057518336,1717140393057518336.png
1717140393097093632,1717140393097093632.png
1717140393132826624,1717140393132826624.png
1717140393169329920,1717140393169329920.png
1717140393206712320,1717140393206712320.png
1717140393244779008,1717140393244779008.png
1717140393285452800,1717140393285452800.png
1717140393324877568,1717140393324877568.png
1717140393360390144,1717140393360390144.png
1717140393405246720,1717140393405246720.png
1717140393450177280,1717140393450177280.png
1717140393489113600,1717140393489113600.png
1717140393528658944,1717140393528658944.png
1717140393576254976,1717140393576254976.png
1717140393619986944,1717140393619986944.png
1717140393667980800,1717140393667980800.png
1717140393711111936,1717140393711111936.png
1717140393752890624,1717140393752890624.png
1717140393792993280,1717140393792993280.png
1717140393835669504,1717140393835669504.png
1717140393884015104,1717140393884015104.png
1717140393928121600,1717140393928121600.png
1717140393968436224,1717140393968436224.png
1717140394009327872,1717140394009327872.png
1717140394050053376,1717140394050053376.png
1717140394089320704,1717140394089320704.png
1717140394131107328,1717140394131107328.png
1717140394169903104,1717140394169903104.png
1717140394212301312,1717140394212301312.png
1717140394250219520,1717140394250219520.png
1717140394291911680,1717140394291911680.png
1717140394336157952,1717140394336157952.png
1717140394374723328,1717140394374723328.png
1717140394424971264,1717140394424971264.png
1717140394482185728,1717140394482185728.png
1717140394536087296,1717140394536087296.png
1717140394598945280,1717140394598945280.png
1717140394638709760,1717140394638709760.png
1717140394686288896,1717140394686288896.png
1717140394735746048,1717140394735746048.png
1717140394785253120,1717140394785253120.png
1717140394819932928,1717140394819932928.png
1717140394861988352,1717140394861988352.png
1717140394893945344,1717140394893945344.png
1717140394939863040,1717140394939863040.png
1717140394975370240,1717140394975370240.png
1717140395010064384,1717140395010064384.png
1717140395083443200,1717140395083443200.png
1717140395165699072,1717140395165699072.png
1717140395226935040,1717140395226935040.png
1717140395289946112,1717140395289946112.png
1717140395327568384,1717140395327568384.png
1717140395371917056,1717140395371917056.png
1717140395413943296,1717140395413943296.png
1717140395454075392,1717140395454075392.png
1717140395502880256,1717140395502880256.png
1717140395542786304,1717140395542786304.png
1717140395582522880,1717140395582522880.png
1717140395611141120,1717140395611141120.png
1717140395638440960,1717140395638440960.png
1717140395664909568,1717140395664909568.png
1717140395696321024,1717140395696321024.png
1717140395737505280,1717140395737505280.png
1717140395772878592,1717140395772878592.png
1717140395803656704,1717140395803656704.png
1717140395842627584,1717140395842627584.png
1717140395884336640,1717140395884336640.png
1717140395922785280,1717140395922785280.png
1717140395967842048,1717140395967842048.png
1717140396000523008,1717140396000523008.png
1717140396029825792,1717140396029825792.png
1717140396065821184,1717140396065821184.png
1717140396105050112,1717140396105050112.png
1717140396144618496,1717140396144618496.png
1717140396176968960,1717140396176968960.png
1717140396210344448,1717140396210344448.png
1717140396248488704,1717140396248488704.png
1717140396288182528,1717140396288182528.png
1717140396320543744,1717140396320543744.png
1717140396353172736,1717140396353172736.png
1717140396389357312,1717140396389357312.png
1717140396424290304,1717140396424290304.png
1717140396466477824,1717140396466477824.png
1717140396501088000,1717140396501088000.png
1717140396531944192,1717140396531944192.png
1717140396574492416,1717140396574492416.png
1717140396608195328,1717140396608195328.png
1717140396641296896,1717140396641296896.png
1717140396678761216,1717140396678761216.png
1717140396715840768,1717140396715840768.png
1717140396756082176,1717140396756082176.png
1717140396789695232,1717140396789695232.png
1717140396819680512,1717140396819680512.png
1717140396854932992,1717140396854932992.png
1717140396882169344,1717140396882169344.png
1717140396908618240,1717140396908618240.png
1717140396935453952,1717140396935453952.png
1717140396960564736,1717140396960564736.png
1717140396988265216,1717140396988265216.png
1717140397020473088,1717140397020473088.png
1717140397053466112,1717140397053466112.png
1717140397095117568,1717140397095117568.png
1717140397126106112,1717140397126106112.png
1717140397161752832,1717140397161752832.png
1717140397209862656,1717140397209862656.png
1717140397249049856,1717140397249049856.png
1717140397278754816,1717140397278754816.png
1717140397308215552,1717140397308215552.png
1717140397338722304,1717140397338722304.png
1717140397379651584,1717140397379651584.png
1717140397418628608,1717140397418628608.png
1717140397464337152,1717140397464337152.png
1717140397494055680,1717140397494055680.png
1717140397537814016,1717140397537814016.png
1717140397569364480,1717140397569364480.png
1717140397615620352,1717140397615620352.png
1717140397651058176,1717140397651058176.png
1717140397691803904,1717140397691803904.png
1717140397736516864,1717140397736516864.png
1717140397771770368,1717140397771770368.png
1717140397809925376,1717140397809925376.png
1717140397842889472,1717140397842889472.png
1717140397877912576,1717140397877912576.png
1717140397909086976,1717140397909086976.png
1717140397954680576,1717140397954680576.png
1717140397985587712,1717140397985587712.png
1717140398035896832,1717140398035896832.png
1717140398090901760,1717140398090901760.png
1717140398156890368,1717140398156890368.png
1717140398216539904,1717140398216539904.png
1717140398260005632,1717140398260005632.png
1717140398337618432,1717140398337618432.png
1717140398377113344,1717140398377113344.png
1717140398444008192,1717140398444008192.png
1717140398510190080,1717140398510190080.png
1717140398548476928,1717140398548476928.png
1717140398608094208,1717140398608094208.png
1717140398656441088,1717140398656441088.png
1717140398698325760,1717140398698325760.png
1717140398732335616,1717140398732335616.png
1717140398768123648,1717140398768123648.png
1717140398809574912,1717140398809574912.png
1717140398839487744,1717140398839487744.png
1717140398874749184,1717140398874749184.png
1717140398914693376,1717140398914693376.png
1717140398953993216,1717140398953993216.png
1717140399004869888,1717140399004869888.png
1717140399039156736,1717140399039156736.png
1717140399068751104,1717140399068751104.png
1717140399108179968,1717140399108179968.png
1717140399164722176,1717140399164722176.png
1717140399205099008,1717140399205099008.png
1717140399249316608,1717140399249316608.png
1717140399298995200,1717140399298995200.png
1717140399416968448,1717140399416968448.png
1717140399460925952,1717140399460925952.png
1717140399505075456,1717140399505075456.png
1717140399541903104,1717140399541903104.png
1717140399634910464,1717140399634910464.png
1717140399692485120,1717140399692485120.png
1717140399740815872,1717140399740815872.png
1717140399778515712,1717140399778515712.png
1717140399820162048,1717140399820162048.png
1717140399861379328,1717140399861379328.png
1717140399917262080,1717140399917262080.png
1717140399988301824,1717140399988301824.png
1717140400053644544,1717140400053644544.png
1717140400100955904,1717140400100955904.png
1717140400191132928,1717140400191132928.png
1717140400261763072,1717140400261763072.png
1717140400308796928,1717140400308796928.png
1717140400347231232,1717140400347231232.png
1717140400418935552,1717140400418935552.png
1717140400499528448,1717140400499528448.png
1717140400599066624,1717140400599066624.png
1717140400687059968,1717140400687059968.png
1717140400749308928,1717140400749308928.png
1717140400791092736,1717140400791092736.png
1717140400874331648,1717140400874331648.png
1717140400950632448,1717140400950632448.png
1717140401015565056,1717140401015565056.png
1717140401082526464,1717140401082526464.png
1717140401148135168,1717140401148135168.png
1717140401196402176,1717140401196402176.png
1717140401247770112,1717140401247770112.png
1717140401283133440,1717140401283133440.png
1717140401343213312,1717140401343213312.png
1717140401377430784,1717140401377430784.png
1717140401424845824,1717140401424845824.png
1717140401473882624,1717140401473882624.png
1717140401503517184,1717140401503517184.png
1717140401535076864,1717140401535076864.png
1717140401564879872,1717140401564879872.png
1717140401598187008,1717140401598187008.png
1717140401627328512,1717140401627328512.png
1717140401656798976,1717140401656798976.png
1717140401687544064,1717140401687544064.png
1717140401724207104,1717140401724207104.png
1717140401768878848,1717140401768878848.png
1717140401815951360,1717140401815951360.png
1717140401867704320,1717140401867704320.png
1717140401906906624,1717140401906906624.png
1717140401946442496,1717140401946442496.png
1717140401996311808,1717140401996311808.png
1717140402037855744,1717140402037855744.png
1717140402075074560,1717140402075074560.png
1717140402114222336,1717140402114222336.png
1717140402163272448,1717140402163272448.png
1717140402217908224,1717140402217908224.png
1717140402273617152,1717140402273617152.png
1717140402333874688,1717140402333874688.png
1717140402386709248,1717140402386709248.png
1717140402426325504,1717140402426325504.png
1717140402464327680,1717140402464327680.png
1717140402503301376,1717140402503301376.png
1717140402544467456,1717140402544467456.png
1717140402582850048,1717140402582850048.png
1717140402620367360,1717140402620367360.png
1717140402656775168,1717140402656775168.png
1717140402694069504,1717140402694069504.png
1717140402733498624,1717140402733498624.png
1717140402773272832,1717140402773272832.png
1717140402820448000,1717140402820448000.png
1717140402876285184,1717140402876285184.png
1717140402929257472,1717140402929257472.png
1717140402971054848,1717140402971054848.png
1717140403014512128,1717140403014512128.png
1717140403058063616,1717140403058063616.png
1717140403105469952,1717140403105469952.png
1717140403145842688,1717140403145842688.png
1717140403191819520,1717140403191819520.png
1717140403231239168,1717140403231239168.png
1717140403272450560,1717140403272450560.png
1717140403314713344,1717140403314713344.png
1717140403358300160,1717140403358300160.png
1717140403405971200,1717140403405971200.png
1717140403451747584,1717140403451747584.png
1717140403493837568,1717140403493837568.png
1717140403534309632,1717140403534309632.png
1717140403570577152,1717140403570577152.png
1717140403606523648,1717140403606523648.png
1717140403642767616,1717140403642767616.png
1717140403678909440,1717140403678909440.png
1717140403717629952,1717140403717629952.png
1717140403754744576,1717140403754744576.png
1717140403794846464,1717140403794846464.png
1717140403831256832,1717140403831256832.png
1717140403870757632,1717140403870757632.png
1717140403911139840,1717140403911139840.png
1717140403951043072,1717140403951043072.png
1717140403990287616,1717140403990287616.png
1717140404037772544,1717140404037772544.png
1717140404084065792,1717140404084065792.png
1717140404129655296,1717140404129655296.png
1717140404168107264,1717140404168107264.png
1717140404206715392,1717140404206715392.png
1717140404247547648,1717140404247547648.png
1717140404288057088,1717140404288057088.png
1717140404325819904,1717140404325819904.png
1717140404394354432,1717140404394354432.png
1717140404513721088,1717140404513721088.png
1717140404580016640,1717140404580016640.png
1717140404639596032,1717140404639596032.png
1717140404694332160,1717140404694332160.png
1717140404751183360,1717140404751183360.png
1717140404801219840,1717140404801219840.png
1717140404849938944,1717140404849938944.png
1717140404898896640,1717140404898896640.png
1717140404947027200,1717140404947027200.png
1717140405000160000,1717140405000160000.png
1717140405055388416,1717140405055388416.png
1717140405107173888,1717140405107173888.png
1717140405159237632,1717140405159237632.png
1717140405213404928,1717140405213404928.png
1717140405272336128,1717140405272336128.png
1717140405326731264,1717140405326731264.png
1717140405379781120,1717140405379781120.png
1717140405437399552,1717140405437399552.png
1717140405515408896,1717140405515408896.png
1717140405569004800,1717140405569004800.png
1717140405625615872,1717140405625615872.png
1717140405676411904,1717140405676411904.png
1717140405727512576,1717140405727512576.png
1717140405774489344,1717140405774489344.png
1717140405829804800,1717140405829804800.png
1717140405870097664,1717140405870097664.png
1717140405911062272,1717140405911062272.png
1717140405947415040,1717140405947415040.png
1717140405986169088,1717140405986169088.png
1717140406030277376,1717140406030277376.png
1717140406077209856,1717140406077209856.png
1717140406126611200,1717140406126611200.png
1717140406171168000,1717140406171168000.png
1717140406214233088,1717140406214233088.png
1717140406258694400,1717140406258694400.png
1717140406303282176,1717140406303282176.png
1717140406347337472,1717140406347337472.png
1717140406393585152,1717140406393585152.png
1717140406435198976,1717140406435198976.png
1717140406474232576,1717140406474232576.png
1717140406513777920,1717140406513777920.png
1717140406553723136,1717140406553723136.png
1717140406593647360,1717140406593647360.png
1717140406633520128,1717140406633520128.png
1717140406675997952,1717140406675997952.png
1717140406717052160,1717140406717052160.png
1717140406760102656,1717140406760102656.png
1717140406795142144,1717140406795142144.png
1717140406836372224,1717140406836372224.png
1717140406877629696,1717140406877629696.png
1717140406926950912,1717140406926950912.png
1717140406962919424,1717140406962919424.png
1717140407001130752,1717140407001130752.png
1717140407043426560,1717140407043426560.png
1717140407085051392,1717140407085051392.png
1717140407128195072,1717140407128195072.png
1717140407167986176,1717140407167986176.png
1717140407206132736,1717140407206132736.png
1717140407245463552,1717140407245463552.png
1717140407285925120,1717140407285925120.png
1717140407379497984,1717140407379497984.png
1717140407435322880,1717140407435322880.png
1717140407509903104,1717140407509903104.png
1717140407550950400,1717140407550950400.png
1717140407608314368,1717140407608314368.png
1717140407679073024,1717140407679073024.png
1717140407739472896,1717140407739472896.png
1717140407807950848,1717140407807950848.png
1717140407842165760,1717140407842165760.png
1717140407881725696,1717140407881725696.png
1717140407926836736,1717140407926836736.png
1717140407982203136,1717140407982203136.png
1717140408055454208,1717140408055454208.png
1717140408122736128,1717140408122736128.png
1717140408169837056,1717140408169837056.png
1717140408221142784,1717140408221142784.png
1717140408300249344,1717140408300249344.png
1717140408355793152,1717140408355793152.png
1717140408401525504,1717140408401525504.png
1717140408455352320,1717140408455352320.png
1717140408517714688,1717140408517714688.png
1717140408567308800,1717140408567308800.png
1717140408618780928,1717140408618780928.png
1717140408683111168,1717140408683111168.png
1717140408748734464,1717140408748734464.png
1717140408819331072,1717140408819331072.png
1717140408879480576,1717140408879480576.png
1717140408914126592,1717140408914126592.png
1717140408945365248,1717140408945365248.png
1717140408971346432,1717140408971346432.png
1717140408999448576,1717140408999448576.png
1717140409025590528,1717140409025590528.png
1717140409054958848,1717140409054958848.png
1717140409085077760,1717140409085077760.png
1717140409137331712,1717140409137331712.png
1717140409201875456,1717140409201875456.png
1717140409240478720,1717140409240478720.png
1717140409284523008,1717140409284523008.png
1717140409321021952,1717140409321021952.png
1717140409356980224,1717140409356980224.png
1717140409401481728,1717140409401481728.png
1717140409448069120,1717140409448069120.png
1717140409494479616,1717140409494479616.png
1717140409536263168,1717140409536263168.png
1717140409582152960,1717140409582152960.png
1717140409635956480,1717140409635956480.png
1717140409670512896,1717140409670512896.png
1717140409712778496,1717140409712778496.png
1717140409758768640,1717140409758768640.png
1717140409808462080,1717140409808462080.png
1717140409849045248,1717140409849045248.png
1717140409893876224,1717140409893876224.png
1717140409926387712,1717140409926387712.png
1717140409957549824,1717140409957549824.png
1717140410005348096,1717140410005348096.png
1717140410037561088,1717140410037561088.png
1717140410069655808,1717140410069655808.png
1717140410102805504,1717140410102805504.png
1717140410149986560,1717140410149986560.png
1717140410192436992,1717140410192436992.png
1717140410230028544,1717140410230028544.png
1717140410259906816,1717140410259906816.png
1717140410297867264,1717140410297867264.png
1717140410339449600,1717140410339449600.png
1717140410382643712,1717140410382643712.png
1717140410420101120,1717140410420101120.png
1717140410460616448,1717140410460616448.png
1717140410525207808,1717140410525207808.png
1717140410575405056,1717140410575405056.png
1717140410619212288,1717140410619212288.png
1717140410657070848,1717140410657070848.png
1717140410697291264,1717140410697291264.png
1717140410732868864,1717140410732868864.png
1717140410779115008,1717140410779115008.png
1717140410815863040,1717140410815863040.png
1717140410858534144,1717140410858534144.png
1717140410903619584,1717140410903619584.png
1717140410941536256,1717140410941536256.png
1717140410986126080,1717140410986126080.png
1717140411033223680,1717140411033223680.png
1717140411065325312,1717140411065325312.png
1717140411097079808,1717140411097079808.png
1717140411131409664,1717140411131409664.png
1717140411159507200,1717140411159507200.png
1717140411204600320,1717140411204600320.png
1717140411242033920,1717140411242033920.png
1717140411281303296,1717140411281303296.png
1717140411337834240,1717140411337834240.png
1717140411382726144,1717140411382726144.png
1717140411450628096,1717140411450628096.png
1717140411481435648,1717140411481435648.png
1717140411530627840,1717140411530627840.png
1717140411568506624,1717140411568506624.png
1717140411608537344,1717140411608537344.png
1717140411654585344,1717140411654585344.png
1717140411687758080,1717140411687758080.png
1717140411725658880,1717140411725658880.png
1717140411753844480,1717140411753844480.png
1717140411798845696,1717140411798845696.png
1717140411840559616,1717140411840559616.png
1717140411890275328,1717140411890275328.png
1717140411937320704,1717140411937320704.png
1717140411968454912,1717140411968454912.png
1717140412008688896,1717140412008688896.png
1717140412053231872,1717140412053231872.png
1717140412098664704,1717140412098664704.png
1717140412138726656,1717140412138726656.png
1717140412190979328,1717140412190979328.png
1717140412233752320,1717140412233752320.png
1717140412266643200,1717140412266643200.png
1717140412308772608,1717140412308772608.png
1717140412351923712,1717140412351923712.png
1717140412396654592,1717140412396654592.png
1717140412438444544,1717140412438444544.png
1717140412469011968,1717140412469011968.png
1717140412503067392,1717140412503067392.png
1717140412533263360,1717140412533263360.png
1717140412566700800,1717140412566700800.png
1717140412598007040,1717140412598007040.png
1717140412635027200,1717140412635027200.png
1717140412670503424,1717140412670503424.png
1717140412713849600,1717140412713849600.png
1717140412748576768,1717140412748576768.png
1717140412789955328,1717140412789955328.png
1717140412828144128,1717140412828144128.png
1717140412867776512,1717140412867776512.png
1717140412905571584,1717140412905571584.png
1717140412950521856,1717140412950521856.png
1717140412987305216,1717140412987305216.png
1717140413027651840,1717140413027651840.png
1717140413061898752,1717140413061898752.png
1717140413089466880,1717140413089466880.png
1717140413127566080,1717140413127566080.png
1717140413160367104,1717140413160367104.png
1717140413199333888,1717140413199333888.png
1717140413240591616,1717140413240591616.png
1717140413282192128,1717140413282192128.png
1717140413311208448,1717140413311208448.png
1717140413337033728,1717140413337033728.png
1717140413364771840,1717140413364771840.png
1717140413391962368,1717140413391962368.png
1717140413418658304,1717140413418658304.png
1717140413455019520,1717140413455019520.png
1717140413499772928,1717140413499772928.png
1717140413531581184,1717140413531581184.png
1717140413566073600,1717140413566073600.png
1717140413604047360,1717140413604047360.png
1717140413634932224,1717140413634932224.png
1717140413671335936,1717140413671335936.png
1717140413706763520,1717140413706763520.png
1717140413752284928,1717140413752284928.png
1717140413790752256,1717140413790752256.png
1717140413831675136,1717140413831675136.png
1717140413870247168,1717140413870247168.png
1717140413915895040,1717140413915895040.png
1717140413962113280,1717140413962113280.png
1717140413995861760,1717140413995861760.png
1717140414030719488,1717140414030719488.png
1717140414069737728,1717140414069737728.png
1717140414113263616,1717140414113263616.png
1717140414154931712,1717140414154931712.png
1717140414194569216,1717140414194569216.png
1717140414234923008,1717140414234923008.png
1717140414273429248,1717140414273429248.png
1717140414326907392,1717140414326907392.png
1717140414372850688,1717140414372850688.png
1717140414410382080,1717140414410382080.png
1717140414454286080,1717140414454286080.png
1717140414503140096,1717140414503140096.png
1717140414560519168,1717140414560519168.png
1717140414600535808,1717140414600535808.png
1717140414640972544,1717140414640972544.png
1717140414683703552,1717140414683703552.png
1717140414723159552,1717140414723159552.png
1717140414764317952,1717140414764317952.png
1717140414795715072,1717140414795715072.png
1717140414861181440,1717140414861181440.png
1717140414912440064,1717140414912440064.png
1717140414982071552,1717140414982071552.png
1717140415057336832,1717140415057336832.png
1717140415134023168,1717140415134023168.png
1717140415184122368,1717140415184122368.png
1717140415262149120,1717140415262149120.png
1717140415311012864,1717140415311012864.png
1717140415384062208,1717140415384062208.png
1717140415451830016,1717140415451830016.png
1717140415489357056,1717140415489357056.png
1717140415543802624,1717140415543802624.png
1717140415589352960,1717140415589352960.png
1717140415644534784,1717140415644534784.png
1717140415734186496,1717140415734186496.png
1717140415807819776,1717140415807819776.png
1717140415863329024,1717140415863329024.png
1717140415916284928,1717140415916284928.png
1717140415952707328,1717140415952707328.png
1717140415998640128,1717140415998640128.png
1717140416041235968,1717140416041235968.png
1717140416073728256,1717140416073728256.png
1717140416105013248,1717140416105013248.png
1717140416137047296,1717140416137047296.png
1717140416181607680,1717140416181607680.png
1717140416218752512,1717140416218752512.png
1717140416259867904,1717140416259867904.png
1717140416291902464,1717140416291902464.png
1717140416335313920,1717140416335313920.png
1717140416373130496,1717140416373130496.png
1717140416423542528,1717140416423542528.png
1717140416478251008,1717140416478251008.png
1717140416520739328,1717140416520739328.png
1717140416568774144,1717140416568774144.png
1717140416603904256,1717140416603904256.png
1717140416642736640,1717140416642736640.png
1717140416680049152,1717140416680049152.png
1717140416740766208,1717140416740766208.png
1717140416796192512,1717140416796192512.png
1717140416878595584,1717140416878595584.png
1717140416930871040,1717140416930871040.png
1717140416966743552,1717140416966743552.png
1717140417004757248,1717140417004757248.png
1717140417054393088,1717140417054393088.png
1717140417106436864,1717140417106436864.png
1717140417142365184,1717140417142365184.png
1717140417183321856,1717140417183321856.png
1717140417225144832,1717140417225144832.png
1717140417265521920,1717140417265521920.png
1717140417301672448,1717140417301672448.png
1717140417339530752,1717140417339530752.png
1717140417374965760,1717140417374965760.png
1717140417420039680,1717140417420039680.png
1717140417457670912,1717140417457670912.png
1717140417496281600,1717140417496281600.png
1717140417533546240,1717140417533546240.png
1717140417569057024,1717140417569057024.png
1717140417607091200,1717140417607091200.png
1717140417643532800,1717140417643532800.png
1717140417681609984,1717140417681609984.png
1717140417729586176,1717140417729586176.png
1717140417771999232,1717140417771999232.png
1717140417812421632,1717140417812421632.png
1717140417872746752,1717140417872746752.png
1717140417931582208,1717140417931582208.png
1717140418006482688,1717140418006482688.png
1717140418047436032,1717140418047436032.png
1717140418088175360,1717140418088175360.png
1717140418155820544,1717140418155820544.png
1717140418221615872,1717140418221615872.png
1717140418285700352,1717140418285700352.png
1717140418328064768,1717140418328064768.png
1717140418378575616,1717140418378575616.png
1717140418429585664,1717140418429585664.png
1717140418492203264,1717140418492203264.png
1717140418598167296,1717140418598167296.png
1717140418665467136,1717140418665467136.png
1717140418732570112,1717140418732570112.png
1717140418806302208,1717140418806302208.png
1717140418860807680,1717140418860807680.png
1717140418942162432,1717140418942162432.png
1717140419019288064,1717140419019288064.png
1717140419082118144,1717140419082118144.png
1717140419143701760,1717140419143701760.png
1717140419188265728,1717140419188265728.png
1717140419256985856,1717140419256985856.png
1717140419304941312,1717140419304941312.png
1717140419341378048,1717140419341378048.png
1717140419382291456,1717140419382291456.png
1717140419428311040,1717140419428311040.png
1717140419486895616,1717140419486895616.png
1717140419531904256,1717140419531904256.png
1717140419571868672,1717140419571868672.png
1717140419619739904,1717140419619739904.png
1717140419684288000,1717140419684288000.png
1717140419722534656,1717140419722534656.png
1717140419756878336,1717140419756878336.png
1717140419814885376,1717140419814885376.png
1717140419877463808,1717140419877463808.png
1717140419920674560,1717140419920674560.png
1717140419964341248,1717140419964341248.png
1717140420005209856,1717140420005209856.png
1717140420050222592,1717140420050222592.png
1717140420119082752,1717140420119082752.png
1717140420176596992,1717140420176596992.png
1717140420246019328,1717140420246019328.png
1717140420297275648,1717140420297275648.png
1717140420342464512,1717140420342464512.png
1717140420398161664,1717140420398161664.png
1717140420455867136,1717140420455867136.png
1717140420509713408,1717140420509713408.png
1717140420574190848,1717140420574190848.png
1717140420679792896,1717140420679792896.png
1717140420751764992,1717140420751764992.png
1717140420834317824,1717140420834317824.png
1717140420883712768,1717140420883712768.png
1717140420924483072,1717140420924483072.png
1717140420971218432,1717140420971218432.png
1717140421018317568,1717140421018317568.png
1717140421066316544,1717140421066316544.png
1717140421109653760,1717140421109653760.png
1717140421159255552,1717140421159255552.png
1717140421205829632,1717140421205829632.png
1717140421260633856,1717140421260633856.png
1717140421324963840,1717140421324963840.png
1717140421385604864,1717140421385604864.png
1717140421425015296,1717140421425015296.png
1717140421469676544,1717140421469676544.png
1717140421538516480,1717140421538516480.png
1717140421593552128,1717140421593552128.png
1717140421649469696,1717140421649469696.png
1717140421705304320,1717140421705304320.png
1717140421754151680,1717140421754151680.png
1717140421809422336,1717140421809422336.png
1717140421865043456,1717140421865043456.png
1717140421918701312,1717140421918701312.png
1717140421970790912,1717140421970790912.png
1717140422021020160,1717140422021020160.png
1717140422068619776,1717140422068619776.png
1717140422114171136,1717140422114171136.png
1717140422163580416,1717140422163580416.png
1717140422212422656,1717140422212422656.png
1717140422262269440,1717140422262269440.png
1717140422306854912,1717140422306854912.png
1717140422351201792,1717140422351201792.png
1717140422398185216,1717140422398185216.png
1717140422444650496,1717140422444650496.png
1717140422489411328,1717140422489411328.png
1717140422538127104,1717140422538127104.png
1717140422582957824,1717140422582957824.png
1717140422630435072,1717140422630435072.png
1717140422678440704,1717140422678440704.png
1717140422725690880,1717140422725690880.png
1717140422774091520,1717140422774091520.png
1717140422834139648,1717140422834139648.png
1717140422895994368,1717140422895994368.png
1717140422976970240,1717140422976970240.png
1717140423045840384,1717140423045840384.png
1717140423133549824,1717140423133549824.png
1717140423175080448,1717140423175080448.png
1717140423216763392,1717140423216763392.png
1717140423256784384,1717140423256784384.png
1717140423300389632,1717140423300389632.png
1717140423356457728,1717140423356457728.png
1717140423424666368,1717140423424666368.png
1717140423482570496,1717140423482570496.png
1717140423533487872,1717140423533487872.png
1717140423580922624,1717140423580922624.png
1717140423624696064,1717140423624696064.png
1717140423672110592,1717140423672110592.png
1717140423720400896,1717140423720400896.png
1717140423761912064,1717140423761912064.png
1717140423823404800,1717140423823404800.png
1717140423881535488,1717140423881535488.png
1717140423936159744,1717140423936159744.png
1717140423993545984,1717140423993545984.png
1717140424041721344,1717140424041721344.png
1717140424092650240,1717140424092650240.png
1717140424145960960,1717140424145960960.png
1717140424197300480,1717140424197300480.png
1717140424237608448,1717140424237608448.png
1717140424315014656,1717140424315014656.png
1717140424356313856,1717140424356313856.png
1717140424413331968,1717140424413331968.png
1717140424501832704,1717140424501832704.png
1717140424558606336,1717140424558606336.png
1717140424620024832,1717140424620024832.png
1717140424682724096,1717140424682724096.png
1717140424749543680,1717140424749543680.png
1717140424796520704,1717140424796520704.png
1717140424843282432,1717140424843282432.png
1717140424891273216,1717140424891273216.png
1717140424976444928,1717140424976444928.png
1717140425037372416,1717140425037372416.png
1717140425080126720,1717140425080126720.png
1717140425140553728,1717140425140553728.png
1717140425188123904,1717140425188123904.png
1717140425251761152,1717140425251761152.png
1717140425325678336,1717140425325678336.png
1717140425374891264,1717140425374891264.png
1717140425423746816,1717140425423746816.png
1717140425475036928,1717140425475036928.png
1717140425520272384,1717140425520272384.png
1717140425562284288,1717140425562284288.png
1717140425602393856,1717140425602393856.png
1717140425646788352,1717140425646788352.png
1717140425684861696,1717140425684861696.png
1717140425720380672,1717140425720380672.png
1717140425762502144,1717140425762502144.png
1717140425802476032,1717140425802476032.png
1717140425845107456,1717140425845107456.png
1717140425887134976,1717140425887134976.png
1717140425926426112,1717140425926426112.png
1717140425970085632,1717140425970085632.png
1717140426013852928,1717140426013852928.png
1717140426060492800,1717140426060492800.png
1717140426105882880,1717140426105882880.png
1717140426150091264,1717140426150091264.png
1717140426196433920,1717140426196433920.png
1717140426239581440,1717140426239581440.png
1717140426283922432,1717140426283922432.png
1717140426326170880,1717140426326170880.png
1717140426379097344,1717140426379097344.png
1717140426454409984,1717140426454409984.png
1717140426511017728,1717140426511017728.png
1717140426562961408,1717140426562961408.png
1717140426650567936,1717140426650567936.png
1717140426734606848,1717140426734606848.png
1717140426802475520,1717140426802475520.png
1717140426880920576,1717140426880920576.png
1717140426941955328,1717140426941955328.png
1717140426996752640,1717140426996752640.png
1717140427047772672,1717140427047772672.png
1717140427103212800,1717140427103212800.png
1717140427171009280,1717140427171009280.png
1717140427214195200,1717140427214195200.png
1717140427250897152,1717140427250897152.png
1717140427289368576,1717140427289368576.png
1717140427329954048,1717140427329954048.png
1717140427370632704,1717140427370632704.png
1717140427413728256,1717140427413728256.png
1717140427451122176,1717140427451122176.png
1717140427519255296,1717140427519255296.png
1717140427566731776,1717140427566731776.png
1717140427604132096,1717140427604132096.png
1717140427652565760,1717140427652565760.png
1717140427715537664,1717140427715537664.png
1717140427789501696,1717140427789501696.png
1717140427832395776,1717140427832395776.png
1717140427889642240,1717140427889642240.png
1717140427957607168,1717140427957607168.png
1717140428046061056,1717140428046061056.png
1717140428134153472,1717140428134153472.png
1717140428185857792,1717140428185857792.png
1717140428251694848,1717140428251694848.png
1717140428305385216,1717140428305385216.png
1717140428336613120,1717140428336613120.png
1717140428370277632,1717140428370277632.png
1717140428406585600,1717140428406585600.png
1717140428465857792,1717140428465857792.png
1717140428512863232,1717140428512863232.png
1717140428568432384,1717140428568432384.png
1717140428643621888,1717140428643621888.png
1717140428713191168,1717140428713191168.png
1717140428779614976,1717140428779614976.png
1717140428845510656,1717140428845510656.png
1717140428899648000,1717140428899648000.png
1717140428941779200,1717140428941779200.png
1717140428988968448,1717140428988968448.png
1717140429068707328,1717140429068707328.png
1717140429126633984,1717140429126633984.png
1717140429186091264,1717140429186091264.png
1717140429223004416,1717140429223004416.png
1717140429271043584,1717140429271043584.png
1717140429304475904,1717140429304475904.png
1717140429351361536,1717140429351361536.png
1717140429401200128,1717140429401200128.png
1717140429436580352,1717140429436580352.png
1717140429501071616,1717140429501071616.png
1717140429537087488,1717140429537087488.png
1717140429575055360,1717140429575055360.png
1717140429622941184,1717140429622941184.png
1717140429687446528,1717140429687446528.png
1717140429723417856,1717140429723417856.png
1717140429764330752,1717140429764330752.png
1717140429800836352,1717140429800836352.png
1717140429838571520,1717140429838571520.png
1717140429886903808,1717140429886903808.png
1717140429935191808,1717140429935191808.png
1717140429996646656,1717140429996646656.png
1717140430059580160,1717140430059580160.png
1717140430124147968,1717140430124147968.png
1717140430169595904,1717140430169595904.png
1717140430231285760,1717140430231285760.png
1717140430277796352,1717140430277796352.png
1717140430324851712,1717140430324851712.png
1717140430371910144,1717140430371910144.png
1717140430414697728,1717140430414697728.png
1717140430462115328,1717140430462115328.png
1717140430506800128,1717140430506800128.png
1717140430553255936,1717140430553255936.png
1717140430593866240,1717140430593866240.png
1717140430633757184,1717140430633757184.png
1717140430674139904,1717140430674139904.png
1717140430717815552,1717140430717815552.png
1717140430758896640,1717140430758896640.png
1717140430799657984,1717140430799657984.png
1717140430846203648,1717140430846203648.png
1717140430888971776,1717140430888971776.png
1717140430927541504,1717140430927541504.png
1717140430969569792,1717140430969569792.png
1717140431010149632,1717140431010149632.png
1717140431050561536,1717140431050561536.png
1717140431097079296,1717140431097079296.png
1717140431137304576,1717140431137304576.png
1717140431178283008,1717140431178283008.png
1717140431243656448,1717140431243656448.png
1717140431304406016,1717140431304406016.png
1717140431346192640,1717140431346192640.png
1717140431389324288,1717140431389324288.png
1717140431430346752,1717140431430346752.png
1717140431474381568,1717140431474381568.png
1717140431521519872,1717140431521519872.png
1717140431562196480,1717140431562196480.png
1717140431607760384,1717140431607760384.png
1717140431651825408,1717140431651825408.png
1717140431694906112,1717140431694906112.png
1717140431738475520,1717140431738475520.png
1717140431780660992,1717140431780660992.png
1717140431823887104,1717140431823887104.png
1717140431871891200,1717140431871891200.png
1717140431920368128,1717140431920368128.png
1717140431966512640,1717140431966512640.png
1717140432016829440,1717140432016829440.png
1717140432058781184,1717140432058781184.png
1717140432100209920,1717140432100209920.png
1717140432145887744,1717140432145887744.png
1717140432198418944,1717140432198418944.png
1717140432241129216,1717140432241129216.png
1717140432289783040,1717140432289783040.png
1717140432333385216,1717140432333385216.png
1717140432370685440,1717140432370685440.png
1717140432418354688,1717140432418354688.png
1717140432470761728,1717140432470761728.png
1717140432518084096,1717140432518084096.png
1717140432571470848,1717140432571470848.png
1717140432625512192,1717140432625512192.png
1717140432678154752,1717140432678154752.png
1717140432729262336,1717140432729262336.png
1717140432781549312,1717140432781549312.png
1717140432828289792,1717140432828289792.png
1717140432874653952,1717140432874653952.png
1717140432921127680,1717140432921127680.png
1717140432966972160,1717140432966972160.png
1717140433016103168,1717140433016103168.png
1717140433060999680,1717140433060999680.png
1717140433104481792,1717140433104481792.png
1717140433157818880,1717140433157818880.png
1717140433203821312,1717140433203821312.png
1717140433264818688,1717140433264818688.png
1717140433307309824,1717140433307309824.png
1717140433349098240,1717140433349098240.png
1717140433382317312,1717140433382317312.png
1717140433420430592,1717140433420430592.png
1717140433463524608,1717140433463524608.png
1717140433502225408,1717140433502225408.png
1717140433539212800,1717140433539212800.png
1717140433574665728,1717140433574665728.png
1717140433605268480,1717140433605268480.png
1717140433644012800,1717140433644012800.png
1717140433681268480,1717140433681268480.png
1717140433718387456,1717140433718387456.png
1717140433749597696,1717140433749597696.png
1717140433779204608,1717140433779204608.png
1717140433811479808,1717140433811479808.png
1717140433840483328,1717140433840483328.png
1717140433872421376,1717140433872421376.png
1717140433912150016,1717140433912150016.png
1717140433944023296,1717140433944023296.png
1717140433978610688,1717140433978610688.png
1717140434011865600,1717140434011865600.png
1717140434055906304,1717140434055906304.png
1717140434108786688,1717140434108786688.png
1717140434163538688,1717140434163538688.png
1717140434210703616,1717140434210703616.png
1717140434272446976,1717140434272446976.png
1717140434319465984,1717140434319465984.png
1717140434368510208,1717140434368510208.png
1717140434410327296,1717140434410327296.png
1717140434454168832,1717140434454168832.png
1717140434505635584,1717140434505635584.png
1717140434560840960,1717140434560840960.png
1717140434618910464,1717140434618910464.png
1717140434678499072,1717140434678499072.png
1717140434725728000,1717140434725728000.png
1717140434786617088,1717140434786617088.png
1717140434845339392,1717140434845339392.png
1717140434907446528,1717140434907446528.png
1717140434965502464,1717140434965502464.png
1717140435022653440,1717140435022653440.png
1717140435083188992,1717140435083188992.png
1717140435150879744,1717140435150879744.png
1717140435239517952,1717140435239517952.png
1717140435281180928,1717140435281180928.png
1717140435324837120,1717140435324837120.png
1717140435384778496,1717140435384778496.png
1717140435428392448,1717140435428392448.png
1717140435468351232,1717140435468351232.png
1717140435513143552,1717140435513143552.png
1717140435558296832,1717140435558296832.png
1717140435599492864,1717140435599492864.png
1717140435640986368,1717140435640986368.png
1717140435691143936,1717140435691143936.png
1717140435744601088,1717140435744601088.png
1717140435798538240,1717140435798538240.png
1717140435848061184,1717140435848061184.png
1717140435896850432,1717140435896850432.png
1717140435955420160,1717140435955420160.png
1717140436014349824,1717140436014349824.png
1717140436071156736,1717140436071156736.png
1717140436127652352,1717140436127652352.png
1717140436181435392,1717140436181435392.png
1717140436231452416,1717140436231452416.png
1717140436278140928,1717140436278140928.png
1717140436323495424,1717140436323495424.png
1717140436367990272,1717140436367990272.png
1717140436417796864,1717140436417796864.png
1717140436475987200,1717140436475987200.png
1717140436555339264,1717140436555339264.png
1717140436612229376,1717140436612229376.png
1717140436661809408,1717140436661809408.png
1717140436710337536,1717140436710337536.png
1717140436757322752,1717140436757322752.png
1717140436799937280,1717140436799937280.png
1717140436857164288,1717140436857164288.png
1717140436901217536,1717140436901217536.png
1717140436944593920,1717140436944593920.png
1717140436989357568,1717140436989357568.png
1717140437032936192,1717140437032936192.png
1717140437082642944,1717140437082642944.png
1717140437139877376,1717140437139877376.png
1717140437208624640,1717140437208624640.png
1717140437257021184,1717140437257021184.png
1717140437303849216,1717140437303849216.png
1717140437348487936,1717140437348487936.png
1717140437394296320,1717140437394296320.png
1717140437446237952,1717140437446237952.png
1717140437490452992,1717140437490452992.png
1717140437534758144,1717140437534758144.png
1717140437608082944,1717140437608082944.png
1717140437657022720,1717140437657022720.png
1717140437702939904,1717140437702939904.png
1717140437757196288,1717140437757196288.png
1717140437817437440,1717140437817437440.png
1717140437857481728,1717140437857481728.png
1717140437892221696,1717140437892221696.png
1717140437931001088,1717140437931001088.png
1717140437971900672,1717140437971900672.png
1717140438022276352,1717140438022276352.png
1717140438068127232,1717140438068127232.png
1717140438112357376,1717140438112357376.png
1717140438157410560,1717140438157410560.png
1717140438200211712,1717140438200211712.png
1717140438240265728,1717140438240265728.png
1717140438284743936,1717140438284743936.png
1717140438324104448,1717140438324104448.png
1717140438365990400,1717140438365990400.png
1717140438404808192,1717140438404808192.png
1717140438435849984,1717140438435849984.png
1717140438462296064,1717140438462296064.png
1717140438504150528,1717140438504150528.png
1717140438541614336,1717140438541614336.png
1717140438582414592,1717140438582414592.png
1717140438620429312,1717140438620429312.png
1717140438659460864,1717140438659460864.png
1717140438700380160,1717140438700380160.png
1717140438736283136,1717140438736283136.png
1717140438780685568,1717140438780685568.png
1717140438827421184,1717140438827421184.png
1717140438877838336,1717140438877838336.png
1717140438932210176,1717140438932210176.png
1717140438977962496,1717140438977962496.png
1717140439029755904,1717140439029755904.png
1717140439100134912,1717140439100134912.png
1717140439157347840,1717140439157347840.png
1717140439205872640,1717140439205872640.png
1717140439257435392,1717140439257435392.png
1717140439307052032,1717140439307052032.png
1717140439357413376,1717140439357413376.png
1717140439409453312,1717140439409453312.png
1717140439456850688,1717140439456850688.png
1717140439509481728,1717140439509481728.png
1717140439554395904,1717140439554395904.png
1717140439601175808,1717140439601175808.png
1717140439651564800,1717140439651564800.png
1717140439692684288,1717140439692684288.png
1717140439737093888,1717140439737093888.png
1717140439797911040,1717140439797911040.png
1717140439841051648,1717140439841051648.png
1717140439884254720,1717140439884254720.png
1717140439927258368,1717140439927258368.png
1717140439972187904,1717140439972187904.png
1717140440017079552,1717140440017079552.png
1717140440062701056,1717140440062701056.png
1717140440107052800,1717140440107052800.png
1717140440153075200,1717140440153075200.png
1717140440200105216,1717140440200105216.png
1717140440244284672,1717140440244284672.png
1717140440293936896,1717140440293936896.png
1717140440338718976,1717140440338718976.png
1717140440397225216,1717140440397225216.png
1717140440459580672,1717140440459580672.png
1717140440505327360,1717140440505327360.png
1717140440562653440,1717140440562653440.png
1717140440646922752,1717140440646922752.png
1717140440689394176,1717140440689394176.png
1717140440745021696,1717140440745021696.png
1717140440820846848,1717140440820846848.png
1717140440895646208,1717140440895646208.png
1717140440964645888,1717140440964645888.png
1717140441050924544,1717140441050924544.png
1717140441131424768,1717140441131424768.png
1717140441186974720,1717140441186974720.png
1717140441242022144,1717140441242022144.png
1717140441297066752,1717140441297066752.png
1717140441350087424,1717140441350087424.png
1717140441441935360,1717140441441935360.png
1717140441520497408,1717140441520497408.png
1717140441572128768,1717140441572128768.png
1717140441634943488,1717140441634943488.png
1717140441691358976,1717140441691358976.png
1717140441760258816,1717140441760258816.png
1717140441843386880,1717140441843386880.png
1717140441892913664,1717140441892913664.png
1717140441953041920,1717140441953041920.png
1717140442002460160,1717140442002460160.png
1717140442039199488,1717140442039199488.png
1717140442080194816,1717140442080194816.png
1717140442118587136,1717140442118587136.png
1717140442164559872,1717140442164559872.png
1717140442209708288,1717140442209708288.png
1717140442260910336,1717140442260910336.png
1717140442302744320,1717140442302744320.png
1717140442360596480,1717140442360596480.png
1717140442394984192,1717140442394984192.png
1717140442448080640,1717140442448080640.png
1717140442489966848,1717140442489966848.png
1717140442541623808,1717140442541623808.png
1717140442588548608,1717140442588548608.png
1717140442635578880,1717140442635578880.png
1717140442683428608,1717140442683428608.png
1717140442730678528,1717140442730678528.png
1717140442779965440,1717140442779965440.png
1717140442830194176,1717140442830194176.png
1717140442874649088,1717140442874649088.png
1717140442932184576,1717140442932184576.png
1717140443008976896,1717140443008976896.png
1717140443060451328,1717140443060451328.png
1717140443114516992,1717140443114516992.png
1717140443157310464,1717140443157310464.png
1717140443209508864,1717140443209508864.png
1717140443252191744,1717140443252191744.png
1717140443296715776,1717140443296715776.png
1717140443352031232,1717140443352031232.png
1717140443405231616,1717140443405231616.png
1717140443481787136,1717140443481787136.png
1717140443534132480,1717140443534132480.png
1717140443572010496,1717140443572010496.png
1717140443623647232,1717140443623647232.png
1717140443690898688,1717140443690898688.png
1717140443742052352,1717140443742052352.png
1717140443826381056,1717140443826381056.png
1717140443878641664,1717140443878641664.png
1717140443927616000,1717140443927616000.png
1717140443974781440,1717140443974781440.png
1717140444025600256,1717140444025600256.png
1717140444087381248,1717140444087381248.png
1717140444144810496,1717140444144810496.png
1717140444205435904,1717140444205435904.png
1717140444255407104,1717140444255407104.png
1717140444297950720,1717140444297950720.png
1717140444344196096,1717140444344196096.png
1717140444391007232,1717140444391007232.png
1717140444441473280,1717140444441473280.png
1717140444485633792,1717140444485633792.png
1717140444537456896,1717140444537456896.png
1717140444581014784,1717140444581014784.png
1717140444630928896,1717140444630928896.png
1717140444689761792,1717140444689761792.png
1717140444740989696,1717140444740989696.png
1717140444798341120,1717140444798341120.png
1717140444852590592,1717140444852590592.png
1717140444894107648,1717140444894107648.png
1717140444942703616,1717140444942703616.png
1717140444989970688,1717140444989970688.png
1717140445042116352,1717140445042116352.png
1717140445091717632,1717140445091717632.png
1717140445135576832,1717140445135576832.png
1717140445188004096,1717140445188004096.png
1717140445235413504,1717140445235413504.png
1717140445283108352,1717140445283108352.png
1717140445330583296,1717140445330583296.png
1717140445384604672,1717140445384604672.png
1717140445436400896,1717140445436400896.png
1717140445489966336,1717140445489966336.png
1717140445539002880,1717140445539002880.png
1717140445588680448,1717140445588680448.png
1717140445636014592,1717140445636014592.png
1717140445686417408,1717140445686417408.png
1717140445737464832,1717140445737464832.png
1717140445787506176,1717140445787506176.png
1717140445838985216,1717140445838985216.png
1717140445896039936,1717140445896039936.png
1717140445963079168,1717140445963079168.png
1717140446024700160,1717140446024700160.png
1717140446077684224,1717140446077684224.png
1717140446123937536,1717140446123937536.png
1717140446176068608,1717140446176068608.png
1717140446225527808,1717140446225527808.png
1717140446275317504,1717140446275317504.png
1717140446319358208,1717140446319358208.png
1717140446366129408,1717140446366129408.png
1717140446413106176,1717140446413106176.png
1717140446463375360,1717140446463375360.png
1717140446508015360,1717140446508015360.png
1717140446543346176,1717140446543346176.png
1717140446581242368,1717140446581242368.png
1717140446620192768,1717140446620192768.png
1717140446665916928,1717140446665916928.png
1717140446708437248,1717140446708437248.png
1717140446764183040,1717140446764183040.png
1717140446820247808,1717140446820247808.png
1717140446856222208,1717140446856222208.png
1717140446892197632,1717140446892197632.png
1717140446931386624,1717140446931386624.png
1717140446976755200,1717140446976755200.png
1717140447029527296,1717140447029527296.png
1717140447071614720,1717140447071614720.png
1717140447133456128,1717140447133456128.png
1717140447173580800,1717140447173580800.png
1717140447211378688,1717140447211378688.png
1717140447254414336,1717140447254414336.png
1717140447293971200,1717140447293971200.png
1717140447331999744,1717140447331999744.png
1717140447375197440,1717140447375197440.png
1717140447420711936,1717140447420711936.png
1717140447476226048,1717140447476226048.png
1717140447537477632,1717140447537477632.png
1717140447594894592,1717140447594894592.png
1717140447645546752,1717140447645546752.png
1717140447706000384,1717140447706000384.png
1717140447760174080,1717140447760174080.png
1717140447813649408,1717140447813649408.png
1717140447860367616,1717140447860367616.png
1717140447902051072,1717140447902051072.png
1717140447948826624,1717140447948826624.png
1717140448007429120,1717140448007429120.png
1717140448081001984,1717140448081001984.png
1717140448135289088,1717140448135289088.png
1717140448201784064,1717140448201784064.png
1717140448265812736,1717140448265812736.png
1717140448315348992,1717140448315348992.png
1717140448350602496,1717140448350602496.png
1717140448407519488,1717140448407519488.png
1717140448470876416,1717140448470876416.png
1717140448523610368,1717140448523610368.png
1717140448568145152,1717140448568145152.png
1717140448630599424,1717140448630599424.png
1717140448674113536,1717140448674113536.png
1717140448718505472,1717140448718505472.png
1717140448778181376,1717140448778181376.png
1717140448812764928,1717140448812764928.png
1717140448852323072,1717140448852323072.png
1717140448885149184,1717140448885149184.png
1717140448926906112,1717140448926906112.png
1717140448975443968,1717140448975443968.png
1717140449042416384,1717140449042416384.png
1717140449100084736,1717140449100084736.png
1717140449135412480,1717140449135412480.png
1717140449172182016,1717140449172182016.png
1717140449231482624,1717140449231482624.png
1717140449286976768,1717140449286976768.png
1717140449367119872,1717140449367119872.png
1717140449430288640,1717140449430288640.png
1717140449498799872,1717140449498799872.png
1717140449574010112,1717140449574010112.png
1717140449619706624,1717140449619706624.png
1717140449653227776,1717140449653227776.png
1717140449688322816,1717140449688322816.png
1717140449739643648,1717140449739643648.png
1717140449786539008,1717140449786539008.png
1717140449831499776,1717140449831499776.png
1717140449876520192,1717140449876520192.png
1717140449925194496,1717140449925194496.png
1717140449961529088,1717140449961529088.png
1717140450002576384,1717140450002576384.png
1717140450044953600,1717140450044953600.png
1717140450086161408,1717140450086161408.png
1717140450132961792,1717140450132961792.png
1717140450175685376,1717140450175685376.png
1717140450216479232,1717140450216479232.png
1717140450260656384,1717140450260656384.png
1717140450301682688,1717140450301682688.png
1717140450341521408,1717140450341521408.png
1717140450382024704,1717140450382024704.png
1717140450424869120,1717140450424869120.png
1717140450466644480,1717140450466644480.png
1717140450509469952,1717140450509469952.png
1717140450554966016,1717140450554966016.png
1717140450598737664,1717140450598737664.png
1717140450653997312,1717140450653997312.png
1717140450699990784,1717140450699990784.png
1717140450753181952,1717140450753181952.png
1717140450810769664,1717140450810769664.png
1717140450877647616,1717140450877647616.png
1717140450932169984,1717140450932169984.png
1717140450969529088,1717140450969529088.png
1717140451026162176,1717140451026162176.png
1717140451085314560,1717140451085314560.png
1717140451182412544,1717140451182412544.png
1717140451270534656,1717140451270534656.png
1717140451308173056,1717140451308173056.png
1717140451352475904,1717140451352475904.png
1717140451400238848,1717140451400238848.png
1717140451442225920,1717140451442225920.png
1717140451494893312,1717140451494893312.png
1717140451548539392,1717140451548539392.png
1717140451588103680,1717140451588103680.png
1717140451626878464,1717140451626878464.png
1717140451686776832,1717140451686776832.png
1717140451748362496,1717140451748362496.png
1717140451787444992,1717140451787444992.png
1717140451825952000,1717140451825952000.png
1717140451865003264,1717140451865003264.png
1717140451904824832,1717140451904824832.png
1717140451955661824,1717140451955661824.png
1717140451999929088,1717140451999929088.png
1717140452051003904,1717140452051003904.png
1717140452100536064,1717140452100536064.png
1717140452150884864,1717140452150884864.png
1717140452194545408,1717140452194545408.png
1717140452229053440,1717140452229053440.png
1717140452282250752,1717140452282250752.png
1717140452334949888,1717140452334949888.png
1717140452388133632,1717140452388133632.png
1717140452435008768,1717140452435008768.png
1717140452481451264,1717140452481451264.png
1717140452530650880,1717140452530650880.png
1717140452576256000,1717140452576256000.png
1717140452639576832,1717140452639576832.png
1717140452676421120,1717140452676421120.png
1717140452720246016,1717140452720246016.png
1717140452759728128,1717140452759728128.png
1717140452795941376,1717140452795941376.png
1717140452840392448,1717140452840392448.png
1717140452879130368,1717140452879130368.png
1717140452918442240,1717140452918442240.png
1717140452956305664,1717140452956305664.png
1717140452996681984,1717140452996681984.png
1717140453038469120,1717140453038469120.png
1717140453086659840,1717140453086659840.png
1717140453127698176,1717140453127698176.png
1717140453164208640,1717140453164208640.png
1717140453207367424,1717140453207367424.png
1717140453263206400,1717140453263206400.png
1717140453324391680,1717140453324391680.png
1717140453387855616,1717140453387855616.png
1717140453442194432,1717140453442194432.png
1717140453494485760,1717140453494485760.png
1717140453539876352,1717140453539876352.png
1717140453583909120,1717140453583909120.png
1717140453632254464,1717140453632254464.png
1717140453673966848,1717140453673966848.png
1717140453721168384,1717140453721168384.png
1717140453769172992,1717140453769172992.png
1717140453816974336,1717140453816974336.png
1717140453858668032,1717140453858668032.png
1717140453897892608,1717140453897892608.png
1717140453941006336,1717140453941006336.png
1717140453982850560,1717140453982850560.png
1717140454030858496,1717140454030858496.png
1717140454080773120,1717140454080773120.png
1717140454128847360,1717140454128847360.png
1717140454172382720,1717140454172382720.png
1717140454220900608,1717140454220900608.png
1717140454271598592,1717140454271598592.png
1717140454316817152,1717140454316817152.png
1717140454356461568,1717140454356461568.png
1717140454395821312,1717140454395821312.png
1717140454436057856,1717140454436057856.png
1717140454473078016,1717140454473078016.png
1717140454532312576,1717140454532312576.png
1717140454602112000,1717140454602112000.png
1717140454679256320,1717140454679256320.png
1717140454725619712,1717140454725619712.png
1717140454773951232,1717140454773951232.png
1717140454821691136,1717140454821691136.png
1717140454878903808,1717140454878903808.png
1717140454931229696,1717140454931229696.png
1717140454977876736,1717140454977876736.png
1717140455018472192,1717140455018472192.png
1717140455073171200,1717140455073171200.png
1717140455116864256,1717140455116864256.png
1717140455158361600,1717140455158361600.png
1717140455199121664,1717140455199121664.png
1717140455238091776,1717140455238091776.png
1717140455312805376,1717140455312805376.png
1717140455356645632,1717140455356645632.png
1717140455403640576,1717140455403640576.png
1717140455449049856,1717140455449049856.png
1717140455529532416,1717140455529532416.png
1717140455589617664,1717140455589617664.png
1717140455666574848,1717140455666574848.png
1717140455719614976,1717140455719614976.png
1717140455768390400,1717140455768390400.png
1717140455816781824,1717140455816781824.png
1717140455863815424,1717140455863815424.png
1717140455934750208,1717140455934750208.png
1717140455989952256,1717140455989952256.png
1717140456044353536,1717140456044353536.png
1717140456111822080,1717140456111822080.png
1717140456164369664,1717140456164369664.png
1717140456204374528,1717140456204374528.png
1717140456244396800,1717140456244396800.png
1717140456283491584,1717140456283491584.png
1717140456320604928,1717140456320604928.png
1717140456359980544,1717140456359980544.png
1717140456399403264,1717140456399403264.png
1717140456437818624,1717140456437818624.png
1717140456480378880,1717140456480378880.png
1717140456524558336,1717140456524558336.png
1717140456571110144,1717140456571110144.png
1717140456614071296,1717140456614071296.png
1717140456654626560,1717140456654626560.png
1717140456693082368,1717140456693082368.png
1717140456732260608,1717140456732260608.png
1717140456781555712,1717140456781555712.png
1717140456825404416,1717140456825404416.png
1717140456869088256,1717140456869088256.png
1717140456913885440,1717140456913885440.png
1717140456959852288,1717140456959852288.png
1717140457001213696,1717140457001213696.png
1717140457044164352,1717140457044164352.png
1717140457092050944,1717140457092050944.png
1717140457131973120,1717140457131973120.png
1717140457176254208,1717140457176254208.png
1717140457225040640,1717140457225040640.png
1717140457268240128,1717140457268240128.png
1717140457316185344,1717140457316185344.png
1717140457361402112,1717140457361402112.png
1717140457406121472,1717140457406121472.png
1717140457457848064,1717140457457848064.png
1717140457503954176,1717140457503954176.png
1717140457553695488,1717140457553695488.png
1717140457605377280,1717140457605377280.png
1717140457654684160,1717140457654684160.png
1717140457721915648,1717140457721915648.png
1717140457817477632,1717140457817477632.png
1717140457887530496,1717140457887530496.png
1717140457927044352,1717140457927044352.png
1717140457994467840,1717140457994467840.png
1717140458066994432,1717140458066994432.png
1717140458161394432,1717140458161394432.png
1717140458219522560,1717140458219522560.png
1717140458295138048,1717140458295138048.png
1717140458366079488,1717140458366079488.png
1717140458418031616,1717140458418031616.png
1717140458466259200,1717140458466259200.png
1717140458502762240,1717140458502762240.png
1717140458557797632,1717140458557797632.png
1717140458613062912,1717140458613062912.png
1717140458658858240,1717140458658858240.png
1717140458723122176,1717140458723122176.png
1717140458768600320,1717140458768600320.png
1717140458826498816,1717140458826498816.png
1717140458903687936,1717140458903687936.png
1717140458951385088,1717140458951385088.png
1717140459015213568,1717140459015213568.png
1717140459091513856,1717140459091513856.png
1717140459140433408,1717140459140433408.png
1717140459188862464,1717140459188862464.png
1717140459250997248,1717140459250997248.png
1717140459316918784,1717140459316918784.png
1717140459359245056,1717140459359245056.png
1717140459406939648,1717140459406939648.png
1717140459455736576,1717140459455736576.png
1717140459512750848,1717140459512750848.png
1717140459559335936,1717140459559335936.png
1717140459618934016,1717140459618934016.png
1717140459687610112,1717140459687610112.png
1717140459760178944,1717140459760178944.png
1717140459806424832,1717140459806424832.png
1717140459846242816,1717140459846242816.png
1717140459890417920,1717140459890417920.png
1717140459962806272,1717140459962806272.png
1717140460016545792,1717140460016545792.png
1717140460075985664,1717140460075985664.png
1717140460159937024,1717140460159937024.png
1717140460223276544,1717140460223276544.png
1717140460282126336,1717140460282126336.png
1717140460342610944,1717140460342610944.png
1717140460401739008,1717140460401739008.png
1717140460465638912,1717140460465638912.png
1717140460515459840,1717140460515459840.png
1717140460582702848,1717140460582702848.png
1717140460644331776,1717140460644331776.png
1717140460706892544,1717140460706892544.png
1717140460765542400,1717140460765542400.png
1717140460845470208,1717140460845470208.png
1717140460929061120,1717140460929061120.png
1717140460987251968,1717140460987251968.png
1717140461049928960,1717140461049928960.png
1717140461105457152,1717140461105457152.png
1717140461154851584,1717140461154851584.png
1717140461207673088,1717140461207673088.png
1717140461260021504,1717140461260021504.png
1717140461308367616,1717140461308367616.png
1717140461354684416,1717140461354684416.png
1717140461404313088,1717140461404313088.png
1717140461459723264,1717140461459723264.png
1717140461507824128,1717140461507824128.png
1717140461563075328,1717140461563075328.png
1717140461625131520,1717140461625131520.png
1717140461687802624,1717140461687802624.png
1717140461743376384,1717140461743376384.png
1717140461799699712,1717140461799699712.png
1717140461854472192,1717140461854472192.png
1717140461913013760,1717140461913013760.png
1717140461967645440,1717140461967645440.png
1717140462027825664,1717140462027825664.png
1717140462084837888,1717140462084837888.png
1717140462144590848,1717140462144590848.png
1717140462197076224,1717140462197076224.png
1717140462246563328,1717140462246563328.png
1717140462299814144,1717140462299814144.png
1717140462354305792,1717140462354305792.png
1717140462407068928,1717140462407068928.png
1717140462461481984,1717140462461481984.png
1717140462515880960,1717140462515880960.png
1717140462572693760,1717140462572693760.png
1717140462627602432,1717140462627602432.png
1717140462678676992,1717140462678676992.png
1717140462724869888,1717140462724869888.png
1717140462772041216,1717140462772041216.png
1717140462820304384,1717140462820304384.png
1717140462867638272,1717140462867638272.png
1717140462936332800,1717140462936332800.png
1717140462991341312,1717140462991341312.png
1717140463047043584,1717140463047043584.png
1717140463097437184,1717140463097437184.png
1717140463152555776,1717140463152555776.png
1717140463225433600,1717140463225433600.png
1717140463282199040,1717140463282199040.png
1717140463328311552,1717140463328311552.png
1717140463368070912,1717140463368070912.png
1717140463414720768,1717140463414720768.png
1717140463477289728,1717140463477289728.png
1717140463539062528,1717140463539062528.png
1717140463627749120,1717140463627749120.png
1717140463709143296,1717140463709143296.png
1717140463762351872,1717140463762351872.png
1717140463812785408,1717140463812785408.png
1717140463862756864,1717140463862756864.png
1717140463909842176,1717140463909842176.png
1717140463963443968,1717140463963443968.png
1717140464012930048,1717140464012930048.png
1717140464060645632,1717140464060645632.png
1717140464110636288,1717140464110636288.png
1717140464160268032,1717140464160268032.png
1717140464209513728,1717140464209513728.png
1717140464257297920,1717140464257297920.png
1717140464297296640,1717140464297296640.png
1717140464333521152,1717140464333521152.png
1717140464382551296,1717140464382551296.png
1717140464425152000,1717140464425152000.png
1717140464467740160,1717140464467740160.png
1717140464506201856,1717140464506201856.png
1717140464550357248,1717140464550357248.png
1717140464592511488,1717140464592511488.png
1717140464639683328,1717140464639683328.png
1717140464690258432,1717140464690258432.png
1717140464734143488,1717140464734143488.png
1717140464771385344,1717140464771385344.png
1717140464814746624,1717140464814746624.png
1717140464855700480,1717140464855700480.png
1717140464897657088,1717140464897657088.png
1717140464949073664,1717140464949073664.png
1717140465000819200,1717140465000819200.png
1717140465051401216,1717140465051401216.png
1717140465103373824,1717140465103373824.png
1717140465151648512,1717140465151648512.png
1717140465190569984,1717140465190569984.png
1717140465226943232,1717140465226943232.png
1717140465267675648,1717140465267675648.png
1717140465304281856,1717140465304281856.png
1717140465343548416,1717140465343548416.png
1717140465383301376,1717140465383301376.png
1717140465429576704,1717140465429576704.png
1717140465483304704,1717140465483304704.png
1717140465543617536,1717140465543617536.png
1717140465586572800,1717140465586572800.png
1717140465654618112,1717140465654618112.png
1717140465707612672,1717140465707612672.png
1717140465754260736,1717140465754260736.png
1717140465795380224,1717140465795380224.png
1717140465836166144,1717140465836166144.png
1717140465877724160,1717140465877724160.png
1717140465919423488,1717140465919423488.png
1717140465958760960,1717140465958760960.png
1717140465996068096,1717140465996068096.png
1717140466038759936,1717140466038759936.png
1717140466083290880,1717140466083290880.png
1717140466123931904,1717140466123931904.png
1717140466161981696,1717140466161981696.png
1717140466198441216,1717140466198441216.png
1717140466234842112,1717140466234842112.png
1717140466275463424,1717140466275463424.png
1717140466314537216,1717140466314537216.png
1717140466360867328,1717140466360867328.png
1717140466399013120,1717140466399013120.png
1717140466446424064,1717140466446424064.png
1717140466482733056,1717140466482733056.png
1717140466520588544,1717140466520588544.png
1717140466553712640,1717140466553712640.png
1717140466598651136,1717140466598651136.png
1717140466653720320,1717140466653720320.png
1717140466751910656,1717140466751910656.png
1717140466827900672,1717140466827900672.png
1717140466895194112,1717140466895194112.png
1717140466938685440,1717140466938685440.png
1717140466989911808,1717140466989911808.png
1717140467034513664,1717140467034513664.png
1717140467074585856,1717140467074585856.png
1717140467114883328,1717140467114883328.png
1717140467155365376,1717140467155365376.png
1717140467191065600,1717140467191065600.png
1717140467229458944,1717140467229458944.png
1717140467269852416,1717140467269852416.png
1717140467319339008,1717140467319339008.png
1717140467362683392,1717140467362683392.png
1717140467412200704,1717140467412200704.png
1717140467466678528,1717140467466678528.png
1717140467522947584,1717140467522947584.png
1717140467587063808,1717140467587063808.png
1717140467659747584,1717140467659747584.png
1717140467736557312,1717140467736557312.png
1717140467821921792,1717140467821921792.png
1717140467896479488,1717140467896479488.png
1717140467934009856,1717140467934009856.png
1717140467978568448,1717140467978568448.png
1717140468019144704,1717140468019144704.png
1717140468063146496,1717140468063146496.png
1717140468108519936,1717140468108519936.png
1717140468151439616,1717140468151439616.png
1717140468194256640,1717140468194256640.png
1717140468233933824,1717140468233933824.png
1717140468274971136,1717140468274971136.png
1717140468322885888,1717140468322885888.png
1717140468361409536,1717140468361409536.png
1717140468397924608,1717140468397924608.png
1717140468438128640,1717140468438128640.png
1717140468481023488,1717140468481023488.png
1717140468540378880,1717140468540378880.png
1717140468590101504,1717140468590101504.png
1717140468632615424,1717140468632615424.png
1717140468726951424,1717140468726951424.png
1717140468775436288,1717140468775436288.png
1717140468845250048,1717140468845250048.png
1717140468907558912,1717140468907558912.png
1717140468976619008,1717140468976619008.png
1717140469032610304,1717140469032610304.png
1717140469068019456,1717140469068019456.png
1717140469107948544,1717140469107948544.png
1717140469142651904,1717140469142651904.png
1717140469179430144,1717140469179430144.png
1717140469271067392,1717140469271067392.png
1717140469331775744,1717140469331775744.png
1717140469377678848,1717140469377678848.png
1717140469455005696,1717140469455005696.png
1717140469522320384,1717140469522320384.png
1717140469585642752,1717140469585642752.png
1717140469652723968,1717140469652723968.png
1717140469716476160,1717140469716476160.png
1717140469777537792,1717140469777537792.png
1717140469823406592,1717140469823406592.png
1717140469888661760,1717140469888661760.png
1717140469945080320,1717140469945080320.png
1717140469999077120,1717140469999077120.png
1717140470074431488,1717140470074431488.png
1717140470120860160,1717140470120860160.png
1717140470166789888,1717140470166789888.png
1717140470207960832,1717140470207960832.png
1717140470252141824,1717140470252141824.png
1717140470305529088,1717140470305529088.png
1717140470340856832,1717140470340856832.png
1717140470390577408,1717140470390577408.png
1717140470449769216,1717140470449769216.png
1717140470506226944,1717140470506226944.png
1717140470554479616,1717140470554479616.png
1717140470601144320,1717140470601144320.png
1717140470652697088,1717140470652697088.png
1717140470714968832,1717140470714968832.png
1717140470755297024,1717140470755297024.png
1717140470791459072,1717140470791459072.png
1717140470828304896,1717140470828304896.png
1717140470866298624,1717140470866298624.png
1717140470909530624,1717140470909530624.png
1717140470963178240,1717140470963178240.png
1717140471009099520,1717140471009099520.png
1717140471053300480,1717140471053300480.png
1717140471096252160,1717140471096252160.png
1717140471134557184,1717140471134557184.png
1717140471172228864,1717140471172228864.png
1717140471211333888,1717140471211333888.png
1717140471253034496,1717140471253034496.png
1717140471295824128,1717140471295824128.png
1717140471333103616,1717140471333103616.png
1717140471372752128,1717140471372752128.png
1717140471413749760,1717140471413749760.png
1717140471453298688,1717140471453298688.png
1717140471495480576,1717140471495480576.png
1717140471539746304,1717140471539746304.png
1717140471585255424,1717140471585255424.png
1717140471629316864,1717140471629316864.png
1717140471671768576,1717140471671768576.png
1717140471721817856,1717140471721817856.png
1717140471768548352,1717140471768548352.png
1717140471805837824,1717140471805837824.png
1717140471844526080,1717140471844526080.png
1717140471872262400,1717140471872262400.png
1717140471908305920,1717140471908305920.png
1717140471937821696,1717140471937821696.png
1717140471968836096,1717140471968836096.png
1717140472011976448,1717140472011976448.png
1717140472049761280,1717140472049761280.png
1717140472084724224,1717140472084724224.png
1717140472125545728,1717140472125545728.png
1717140472165936896,1717140472165936896.png
1717140472206167296,1717140472206167296.png
1717140472257236992,1717140472257236992.png
1717140472300019968,1717140472300019968.png
1717140472344319744,1717140472344319744.png
1717140472394406912,1717140472394406912.png
1717140472436022528,1717140472436022528.png
1717140472476118016,1717140472476118016.png
1717140472521243904,1717140472521243904.png
1717140472585579776,1717140472585579776.png
1717140472624806400,1717140472624806400.png
1717140472662255360,1717140472662255360.png
1717140472700747776,1717140472700747776.png
1717140472743980032,1717140472743980032.png
1717140472785423360,1717140472785423360.png
1717140472824127488,1717140472824127488.png
1717140472869399808,1717140472869399808.png
1717140472924353792,1717140472924353792.png
1717140472975359488,1717140472975359488.png
1717140473022897664,1717140473022897664.png
1717140473072899328,1717140473072899328.png
1717140473120034816,1717140473120034816.png
1717140473168534016,1717140473168534016.png
1717140473221621760,1717140473221621760.png
1717140473272933888,1717140473272933888.png
1717140473328241664,1717140473328241664.png
1717140473379880192,1717140473379880192.png
1717140473428754176,1717140473428754176.png
1717140473476794368,1717140473476794368.png
1717140473528093952,1717140473528093952.png
1717140473575992064,1717140473575992064.png
1717140473623792384,1717140473623792384.png
1717140473672064000,1717140473672064000.png
1717140473717860608,1717140473717860608.png
1717140473764175104,1717140473764175104.png
1717140473803974656,1717140473803974656.png
1717140473887019520,1717140473887019520.png
1717140473947605248,1717140473947605248.png
1717140474000434176,1717140474000434176.png
1717140474049435136,1717140474049435136.png
1717140474101622016,1717140474101622016.png
1717140474159778048,1717140474159778048.png
1717140474229242624,1717140474229242624.png
1717140474276215296,1717140474276215296.png
1717140474328046592,1717140474328046592.png
1717140474379805184,1717140474379805184.png
1717140474435849728,1717140474435849728.png
1717140474482230784,1717140474482230784.png
1717140474529002240,1717140474529002240.png
1717140474573670912,1717140474573670912.png
1717140474619391744,1717140474619391744.png
1717140474660907008,1717140474660907008.png
1717140474702879232,1717140474702879232.png
1717140474744617984,1717140474744617984.png
1717140474786223360,1717140474786223360.png
1717140474838950912,1717140474838950912.png
1717140474898695168,1717140474898695168.png
1717140474982901760,1717140474982901760.png
1717140475024267008,1717140475024267008.png
1717140475063919104,1717140475063919104.png
1717140475098024704,1717140475098024704.png
1717140475152164864,1717140475152164864.png
1717140475184743168,1717140475184743168.png
1717140475220486912,1717140475220486912.png
1717140475262767872,1717140475262767872.png
1717140475319148032,1717140475319148032.png
1717140475363486208,1717140475363486208.png
1717140475427262720,1717140475427262720.png
1717140475495760128,1717140475495760128.png
1717140475559337728,1717140475559337728.png
1717140475641000960,1717140475641000960.png
1717140475708804352,1717140475708804352.png
1717140475777933824,1717140475777933824.png
1717140475839232512,1717140475839232512.png
1717140475890154496,1717140475890154496.png
1717140475970030592,1717140475970030592.png
